,carat,Ideal,Premium,Very Good,Good,Fair,D,E,F,G,H,I,J,IF,VVS1,VVS2,VS1,VS2,SI1,SI2,I1
0,0.2,0.0,0.0,367.0,361.5,0.0,367.0,361.5,0.0,0.0,0.0,0.0,0.0,0.0,0.0,0.0,345.0,0.0,367.0,0.0,0.0
1,0.21,0.0,0.0,0.0,379.5,386.0,386.0,375.6,0.0,0.0,0.0,0.0,0.0,0.0,0.0,326.0,394.0,0.0,386.0,0.0,0.0
2,0.22,337.0,0.0,0.0,405.0,0.0,404.0,370.5,406.0,0.0,0.0,0.0,0.0,0.0,0.0,406.0,0.0,0.0,381.6666666666667,0.0,0.0
3,0.23,369.0,443.46153846153845,495.375,594.4117647058823,481.28985507246375,504.93939393939394,497.1720430107527,489.2962962962963,457.8,420.1666666666667,414.0,340.0,0.0,491.3333333333333,369.5,387.5,421.92857142857144,443.3333333333333,504.7037037037037,509.2475247524753
4,0.24,0.0,453.1,548.2745098039215,577.8181818181819,485.88495575221236,520.4761904761905,504.6190476190476,520.1076923076923,492.5882352941176,474.0,446.0,432.0,0.0,583.0,439.0,0.0,428.07142857142856,425.25,541.6964285714286,528.8333333333334
5,0.25,788.0,493.64285714285717,534.4313725490196,670.0,536.2592592592592,496.27777777777777,577.2115384615385,584.0588235294117,517.72,467.9375,468.3333333333333,0.0,0.0,599.8333333333334,401.8,1099.5,460.0344827586207,463.3125,582.7560975609756,575.2833333333333
6,0.26,0.0,538.8666666666667,565.8888888888889,577.4285714285714,523.52,567.4285714285714,598.6,564.7551020408164,498.9259259259259,489.8529411764706,445.3333333333333,0.0,0.0,639.7777777777778,453.4,362.0,480.32,451.0,617.2156862745098,588.3269230769231
7,0.27,371.0,677.0,591.7906976744187,653.8333333333334,538.2567567567568,623.1904761904761,593.6461538461539,632.2727272727273,522.0,492.1111111111111,467.9230769230769,443.0,0.0,680.4375,400.0,361.0,480.3255813953488,497.4,644.0,617.0909090909091
8,0.28,0.0,478.0,607.2456140350877,681.4545454545455,549.5441176470588,633.2,616.48,619.4166666666666,513.875,499.84615384615387,461.0,375.0,0.0,668.625,425.8333333333333,0.0,498.4375,487.7391304347826,640.7333333333333,634.2083333333334
9,0.29,1776.0,574.5,633.175,529.25,573.1555555555556,643.2,643.2380952380952,684.6086956521739,577.3225806451613,535.2,397.75,0.0,0.0,693.0,977.6666666666666,496.0,514.8181818181819,495.25,676.3333333333334,624.6296296296297
10,0.3,684.0666666666667,590.0545454545454,698.0189873417721,718.0341685649203,616.4827586206897,713.0132890365448,738.3269754768393,706.5145631067961,715.5676855895197,601.0532544378698,523.6530612244898,435.6981132075472,495.0,874.472049689441,533.8125,456.8641975308642,630.5694050991501,674.6207627118644,806.3536121673004,743.3620689655172
11,0.31,763.6666666666666,590.1578947368421,743.0075839653305,717.1048593350383,638.75,742.7185185185185,775.4573170731708,777.4307116104869,718.9803921568628,642.5650557620818,530.5174825174826,417.84375,394.0,937.9141104294479,562.2347266881029,485.2686567164179,674.6627906976744,683.8939393939394,834.7654320987655,775.3537735849056
12,0.32,1076.0,563.8648648648649,759.8363858363858,707.6209150326797,632.6113989637306,771.0219298245614,791.3032786885246,790.8284313725491,722.9744318181819,648.2592592592592,556.7096774193549,449.74074074074076,440.75,930.3142857142857,589.1173913043478,483.0,688.3478260869565,698.1213592233009,879.3027027027027,807.3793103448276
13,0.33,807.5,578.96875,808.6220930232558,752.0084033613446,675.4580152671756,778.0083333333333,824.5537634408602,829.1838235294117,784.596837944664,701.9032258064516,613.6404494382023,473.09090909090907,0.0,959.5061728395061,614.0900900900901,518.75,731.3,732.8595744680852,918.8111888111888,812.956204379562
14,0.34,1105.0,599.8918918918919,807.5593667546174,709.96,655.025,873.7378640776699,777.9473684210526,786.8235294117648,764.3630136986301,682.0190476190476,587.1730769230769,477.125,809.2,1088.9433962264152,633.8489208633093,511.53846153846155,749.8404255319149,719.9264705882352,960.7936507936508,833.0925925925926
15,0.35,975.5,613.2962962962963,824.6857142857143,795.9833333333333,724.1818181818181,842.1414141414141,826.0353982300885,792.3253012048193,859.5897435897435,741.9324324324324,611.921052631579,583.8333333333334,0.0,983.3673469387755,663.9042553191489,560.25,797.6585365853658,808.2569444444445,949.5689655172414,795.7058823529412
16,0.36,810.0,674.1538461538462,806.1486486486486,779.552,725.9705882352941,843.0,823.4766355140187,800.719512195122,779.0,708.4615384615385,620.65625,495.1666666666667,0.0,1027.3214285714287,670.3084112149533,538.7096774193549,814.6428571428571,800.9411764705883,934.6363636363636,890.9736842105264
17,0.37,1303.0,701.2727272727273,839.6299212598425,848.7596153846154,733.6862745098039,954.6,865.8333333333334,816.1969696969697,809.3921568627451,688.6785714285714,664.7272727272727,532.2222222222222,0.0,1013.0769230769231,684.8253968253969,548.7777777777778,829.0416666666666,822.0093457943925,1041.3,937.5428571428571
18,0.38,0.0,800.1578947368421,926.547619047619,919.75,809.6421052631579,1035.0149253731342,976.1052631578947,949.359649122807,857.989247311828,813.5370370370371,699.5769230769231,623.7222222222222,567.5,1231.0,718.3214285714286,635.2222222222222,933.2347826086957,837.1219512195122,1145.032258064516,999.0857142857143
19,0.39,864.0,837.0526315789474,937.6597222222222,990.6666666666666,850.9733333333334,1077.142857142857,965.5076923076923,988.4516129032259,938.7179487179487,776.5769230769231,757.25,698.9130434782609,583.0,1230.92,736.4594594594595,624.7333333333333,935.2388059701492,840.9041095890411,1044.3823529411766,1014.0943396226415
20,0.4,799.0,786.3960396039604,985.4,962.900826446281,879.2070484581498,960.8379888268156,955.9364406779661,987.7431693989071,954.2707182320441,874.3152173913044,819.7313432835821,716.7916666666666,560.5,1177.658536585366,795.7099567099567,697.9278350515464,955.814606741573,893.8546511627907,1178.625,1066.2758620689656
21,0.41,912.0,792.4597701149426,1041.235173824131,979.2175572519084,888.7336956521739,1000.94,1020.3625498007968,1044.9301310043668,944.5570776255707,901.7341772151899,864.1764705882352,717.8888888888889,554.0,1275.7179487179487,819.1605504587156,728.9367088607595,986.8421052631579,925.5287958115183,1203.2047244094488,1121.3312101910828
22,0.42,675.0,860.4090909090909,1043.1661129568106,984.0151515151515,892.2790697674419,1021.6699029126214,1019.3296703296703,1016.340206185567,1017.5281690140845,958.6521739130435,856.4375,700.625,0.0,1258.5217391304348,843.7350993377484,730.9032258064516,1028.09,954.370786516854,1218.328947368421,1123.25
23,0.43,1045.5,800.6923076923077,1054.638418079096,1016.13,907.2463768115942,1018.8653846153846,989.5333333333333,995.9411764705883,1063.7247706422017,946.4871794871794,889.7894736842105,702.0,573.3333333333334,1351.4761904761904,863.4903846153846,782.7179487179487,1007.566037735849,968.6290322580645,1266.8181818181818,1087.3513513513512
24,0.44,0.0,1048.1666666666667,1150.109589041096,1011.7254901960785,954.9166666666666,1309.047619047619,1064.3902439024391,1050.8947368421052,1074.2954545454545,971.4375,950.2857142857143,767.8,0.0,1488.4285714285713,900.6136363636364,809.5,1074.655172413793,998.2608695652174,1324.76,1166.6818181818182
25,0.45,943.625,1090.0714285714287,1085.3125,1105.9375,1031.6666666666667,1238.0,1036.4166666666667,1068.3157894736842,1133.625,1059.6,875.75,790.0,0.0,1434.0,894.2307692307693,798.0833333333334,1092.1875,984.3076923076923,1306.3333333333333,1306.9
26,0.46,990.5555555555555,1294.8125,1243.2333333333333,1275.15,1229.0882352941176,1532.2666666666667,1275.3333333333333,1176.7931034482758,1295.24,1180.2307692307693,997.4375,962.4,0.0,1640.7142857142858,993.952380952381,838.3571428571429,1252.8484848484848,1157.6774193548388,1509.8095238095239,1400.0
27,0.47,1238.5,1205.6666666666667,1377.774193548387,1152.0,1215.6153846153845,1766.625,1401.4705882352941,1325.75,1235.857142857143,1101.3333333333333,992.0,884.2,0.0,1767.0,980.8,875.375,1364.0666666666666,1123.75,1886.7142857142858,1669.3333333333333
28,0.48,1120.75,1199.875,1364.3125,1123.142857142857,1686.4,2249.6666666666665,1376.25,1458.3846153846155,1240.4444444444443,1160.6,976.2,1035.5,0.0,1957.0,997.1666666666666,958.25,1322.111111111111,1224.5,2038.3333333333333,1762.0
29,0.49,1705.0,1472.0,1179.3333333333333,1160.3157894736842,1409.75,1617.3333333333333,1344.3333333333333,1251.6363636363637,1238.75,1159.8333333333333,0.0,900.0,0.0,1865.0,1116.4,1026.7142857142858,1493.0,1198.625,1952.0,1744.3333333333333
30,0.5,1193.5833333333333,1381.827067669173,1599.248322147651,1554.3626943005181,1489.2520661157025,1599.6153846153845,1511.5166051660517,1500.8064516129032,1585.875,1364.5555555555557,1156.3125,1015.8421052631579,780.8571428571429,2289.3076923076924,1284.5829787234043,1103.394495412844,1606.9703703703703,1547.0898876404494,1941.1025641025642,1963.2280701754387
31,0.51,1670.6666666666667,1448.5066666666667,1685.585,1588.2,1557.1243243243243,1706.9764705882353,1642.225806451613,1686.2884615384614,1645.2663316582914,1406.9193548387098,1134.357142857143,995.8888888888889,0.0,2297.714285714286,1387.4065420560748,1142.1538461538462,1728.0575539568345,1619.0806451612902,2147.3684210526317,2052.7735849056603
32,0.52,1617.6,1388.0,1737.6301775147929,1624.225806451613,1550.388888888889,1812.908256880734,1699.5255474452554,1711.1458333333333,1649.3354037267081,1458.1896551724137,1308.5185185185185,1105.125,920.5,2267.75,1356.015503875969,1162.9310344827586,1756.85,1660.3426966292134,2173.609756097561,2057.722222222222
33,0.53,1457.25,1396.560975609756,1753.4146341463415,1580.25,1554.9080459770114,1846.1666666666667,1714.3934426229507,1768.4158415841584,1671.7339449541284,1459.40625,1228.12,1062.7333333333333,886.0,2326.2631578947367,1402.719298245614,1173.2833333333333,1729.6777777777777,1663.9685534591194,2320.90625,2058.9473684210525
34,0.54,1114.0,1545.0,1763.3379790940767,1687.5217391304348,1563.5675675675675,1946.432098765432,1724.8255813953488,1727.8,1711.584745762712,1538.4328358208954,1307.08,1228.6666666666667,0.0,2166.8333333333335,1414.7181818181818,1183.75,1786.1935483870968,1716.079365079365,2164.4444444444443,2127.3684210526317
35,0.55,0.0,1380.6666666666667,1785.5641025641025,1655.6338028169014,1708.4117647058824,1956.7931034482758,1787.010989010989,1739.18,1769.527027027027,1538.121212121212,1368.7,1095.5833333333333,0.0,2293.75,1463.8118811881188,1213.1714285714286,1879.8032786885246,1713.5,2224.714285714286,2253.128205128205
36,0.56,1461.1666666666667,1617.1666666666667,1868.1777777777777,1738.9830508474577,1747.0,2019.2,1901.7692307692307,1807.0140845070423,1765.8382352941176,1569.0243902439024,1489.2,1158.625,953.0,2723.9333333333334,1526.0113636363637,1286.5238095238096,1897.3538461538462,1768.482456140351,2176.391304347826,2237.529411764706
37,0.57,1777.25,1577.6666666666667,1904.6494252873563,1667.5483870967741,1639.85,1983.2941176470588,1899.9444444444443,1930.0454545454545,1692.857142857143,1618.8181818181818,1330.3157894736842,1280.5,974.0,2491.1428571428573,1478.1475409836066,1262.0,1902.671875,1761.89,2413.8571428571427,2297.793103448276
38,0.58,1516.6,1723.4375,1865.388888888889,1851.1470588235295,1631.75,2025.3333333333333,1866.2033898305085,1922.1538461538462,1771.5,1551.125,1494.1538461538462,1203.75,893.0,2375.0,1477.9285714285713,1301.6774193548388,2038.9772727272727,1750.3793103448277,2375.85,2284.3793103448274
39,0.59,1229.0,1552.1666666666667,1973.9122807017543,1680.764705882353,1747.0985915492959,2098.35,1944.611111111111,1771.4864864864865,1891.9803921568628,1592.904761904762,1462.2727272727273,1353.0,940.0,2837.6153846153848,1581.876923076923,1325.4642857142858,1925.8,1749.4912280701753,2410.8571428571427,2299.6206896551726
40,0.6,1747.25,1725.7,2169.285714285714,1757.820512820513,1949.9032258064517,2192.0625,2004.5757575757575,2070.4166666666665,2016.75,1660.5882352941176,1243.6,1200.0,835.0,2647.75,1672.862745098039,1244.625,2109.714285714286,1954.9032258064517,3051.6666666666665,2484.04
41,0.61,1305.5,1891.5333333333333,2312.5890410958905,1835.8095238095239,1928.060606060606,2367.9615384615386,2310.88,2187.84375,2066.862068965517,1855.75,1514.8,1308.6666666666667,1255.0,2581.2,1639.0454545454545,1546.0,2191.689655172414,1871.75,2941.0,2597.375
42,0.62,1534.0,1688.0,2200.9767441860463,1761.967741935484,1902.8823529411766,2244.0,2068.3529411764707,1914.409090909091,1981.24,2004.3076923076924,1498.857142857143,1159.0,933.0,2742.25,1626.3636363636363,1369.0588235294117,2160.6470588235293,1827.095238095238,2806.6666666666665,2554.5
43,0.63,1760.0,1695.5,2370.157894736842,2057.9411764705883,2194.285714285714,2788.285714285714,2473.6,2260.6,1977.7857142857142,1847.8,1635.75,1236.25,0.0,4396.25,1705.142857142857,1279.5714285714287,2175.8125,2049.1666666666665,2689.5,2677.7272727272725
44,0.64,1735.6666666666667,1862.5,2461.0,1948.5555555555557,1823.4615384615386,2403.076923076923,2290.4444444444443,2213.076923076923,2378.1,1743.2222222222222,1512.25,1425.0,1140.0,2680.25,1809.2941176470588,1365.8333333333333,2306.8,2077.846153846154,3104.6,2678.8888888888887
45,0.65,1770.0,2078.0,2802.2380952380954,1986.1,2246.3333333333335,3216.4545454545455,2398.3333333333335,2168.75,2243.5555555555557,2159.285714285714,1924.2,1214.0,0.0,3279.25,1727.5833333333333,1599.3333333333333,2313.625,2106.25,3127.875,2830.5
46,0.66,0.0,2098.6666666666665,2340.8333333333335,2111.6,2568.6666666666665,3153.0,2140.1428571428573,2241.3333333333335,2316.5,2014.6666666666667,0.0,1252.0,0.0,3051.0,1775.3333333333333,1637.6666666666667,2363.4444444444443,1954.8333333333333,2816.0,3422.0
47,0.67,1539.0,2122.4166666666665,1966.4,2065.777777777778,2148.6,2038.5,1808.0,2112.1666666666665,2185.4,2019.0,1736.6666666666667,1581.0,0.0,2066.0,1870.2857142857142,1578.6666666666667,2181.2,2059.6111111111113,2877.5,2414.5
48,0.68,0.0,2407.6666666666665,3364.6666666666665,2089.285714285714,2480.0,3117.0,2327.3333333333335,2475.0,2441.4285714285716,1666.0,0.0,0.0,0.0,3143.0,1886.2857142857142,1821.0,2754.25,2060.5,3775.0,2983.0
49,0.69,1817.6666666666667,2388.6666666666665,2414.6,1729.0,2441.1666666666665,3369.0,0.0,2627.6,2274.1666666666665,1800.3333333333333,1811.0,0.0,0.0,0.0,1961.875,1701.0,1869.3333333333333,2070.0,3553.5,2971.6666666666665
50,0.7,1924.2745098039215,2387.4862385321103,2790.455205811138,2477.3707482993195,2504.711904761905,2965.1761363636365,2694.073943661972,2573.1628571428573,2450.281632653061,2323.926108374384,2130.717391304348,1878.862745098039,1157.78125,3480.2727272727275,2347.2819956616054,2116.6355140186915,2807.1176470588234,2606.8447204968943,3270.239436619718,3055.6938775510203
51,0.71,2245.59375,2395.879120879121,2935.755376344086,2575.625,2563.340740740741,2995.4028776978416,2904.537688442211,2842.3351351351353,2594.1964285714284,2486.96261682243,2314.733870967742,1861.8372093023256,1604.5,3297.5,2459.711678832117,2224.2066666666665,2957.878612716763,2743.4663865546217,3316.4074074074074,3136.3275862068967
52,0.72,2248.714285714286,2474.9189189189187,2902.861209964413,2464.2,2640.280303030303,2980.731343283582,2975.440366972477,2871.159663865546,2647.6960784313724,2596.7125,2387.7166666666667,1934.3783783783783,1046.0,3280.75,2520.875816993464,2242.6018518518517,3008.4395604395604,2799.7578125,3408.5454545454545,3087.9411764705883
53,0.73,1969.0,2602.1666666666665,3029.09375,2571.7462686567164,2735.082191780822,3283.156862745098,2934.439024390244,2829.3088235294117,2834.92,2666.0882352941176,2371.340909090909,1991.888888888889,1214.1666666666667,3607.0,2606.7319587628867,2297.793103448276,3139.8507462686566,2965.5675675675675,3606.0476190476193,3114.1714285714284
54,0.74,2507.777777777778,2464.133333333333,3057.641304347826,2691.396226415094,2716.9538461538464,3252.8888888888887,2935.122807017544,2916.181818181818,2719.6136363636365,2615.1714285714284,2591.7368421052633,2025.25,1865.0,3204.0,2574.7678571428573,2376.5208333333335,3137.744680851064,2899.0392156862745,3384.1666666666665,3400.5625
55,0.75,2439.8888888888887,2601.3529411764707,2948.1451612903224,2522.8536585365855,2744.4423076923076,2956.0,2980.8653846153848,2797.030303030303,2735.9615384615386,2489.6666666666665,2457.0,1993.4117647058824,1013.0,0.0,2679.6301369863013,2364.3846153846152,2863.9,2912.8,3760.6666666666665,3577.0
56,0.76,2507.6,2637.222222222222,2998.4772727272725,2688.088888888889,2858.184210526316,3358.6315789473683,3152.720930232558,2926.176470588235,2787.074074074074,2717.0333333333333,2573.705882352941,2021.8666666666666,1629.0,4390.333333333333,2645.5714285714284,2427.3529411764707,3056.7,3008.3653846153848,3608.875,3435.6363636363635
57,0.77,2244.714285714286,2739.65,3053.9846153846156,2712.183673469388,2899.921568627451,3296.1724137931033,3008.4848484848485,3126.542857142857,2856.793103448276,2772.5714285714284,2407.0,2028.4705882352941,0.0,0.0,2749.7719298245615,2475.0263157894738,3125.4166666666665,2899.733333333333,4203.2,3181.909090909091
58,0.78,2520.75,2715.777777777778,3103.25,2766.9565217391305,2993.4871794871797,3461.5,3396.3333333333335,2860.4137931034484,2873.2380952380954,2556.9333333333334,2518.0833333333335,2216.75,0.0,0.0,2801.657142857143,2389.294117647059,3453.7083333333335,3279.4594594594596,4904.0,3169.75
59,0.79,2362.0,2555.6666666666665,3141.4897959183672,2711.4333333333334,2975.757575757576,3201.35,3284.1481481481483,3001.6315789473683,2749.5652173913045,2614.125,2736.3076923076924,2117.75,0.0,0.0,2892.0819672131147,2565.375,3270.818181818182,3086.7,4013.6666666666665,3699.6666666666665
60,0.8,2152.8,2655.9473684210525,3444.6,2771.6052631578946,3137.5846153846155,3563.318181818182,3363.6666666666665,3343.9811320754716,2912.948717948718,2907.722222222222,2780.9285714285716,2139.8888888888887,1432.3333333333333,4800.666666666667,2969.688524590164,2623.4464285714284,3525.8285714285716,3287.975,3779.5,4582.285714285715
61,0.81,2342.1666666666665,2822.153846153846,3270.3728813559323,2841.75,2954.7714285714287,3403.214285714286,3258.4137931034484,3275.4242424242425,2914.4666666666667,2735.1363636363635,2623.6875,2329.5555555555557,2608.0,6338.0,2928.962962962963,2635.8297872340427,3345.0,3161.0454545454545,5752.0,3941.5714285714284
62,0.82,2584.6666666666665,2505.0,3342.78,2712.5652173913045,3056.818181818182,4008.3333333333335,3275.0,3244.1666666666665,2960.625,2865.133333333333,2718.8571428571427,2251.5714285714284,0.0,0.0,3020.342105263158,2739.266666666667,3124.25,3551.6315789473683,3431.5,4135.5
63,0.83,2481.5,2577.0,3345.3829787234044,3125.9,3345.7619047619046,4035.4545454545455,3376.6,3391.090909090909,3147.9473684210525,2882.5,2842.125,2348.6666666666665,0.0,7889.0,3119.235294117647,2702.962962962963,4099.1,3221.782608695652,4038.25,0.0
64,0.84,2707.0,2812.0,3387.75,3362.25,3457.6470588235293,3886.0,3467.875,2940.5,3316.2,2593.0,3225.75,2515.6,1749.0,0.0,3357.0,2820.8571428571427,3617.5,3261.3333333333335,6399.0,3989.6666666666665
65,0.85,1767.7142857142858,2298.0,3604.7,3161.625,3785.8333333333335,4461.75,3769.2,4244.75,3051.1,2004.1666666666667,2807.25,2181.1666666666665,1446.5,0.0,3149.090909090909,2935.0,3705.285714285714,3436.0,7230.0,4490.5
66,0.86,3756.0,3838.0,3515.090909090909,2876.375,3335.285714285714,4053.25,3829.6666666666665,3056.6666666666665,3529.0,2987.5,2820.8,1950.0,1828.0,0.0,3397.222222222222,2959.3333333333335,3693.6666666666665,3553.0,5029.0,3544.0
67,0.87,0.0,0.0,3894.1428571428573,3297.5,2852.4285714285716,3896.0,3566.0,3174.75,4084.6666666666665,3073.6666666666665,2791.0,2333.3333333333335,0.0,0.0,3167.7,3148.5,0.0,4110.75,0.0,0.0
68,0.88,2716.0,2367.6666666666665,3956.125,3570.3333333333335,3593.25,3676.0,4372.5,3905.6,3400.0,3787.6666666666665,2819.3333333333335,1964.0,0.0,0.0,3107.375,3530.25,2942.5,3754.25,4334.0,5052.0
69,0.89,2334.0,3131.0,3936.4,2967.25,3620.5,4192.0,3508.0,3895.0,4062.0,2979.0,2842.3333333333335,0.0,0.0,0.0,3931.0,3235.4285714285716,2926.0,3238.0,0.0,4062.0
70,0.9,3307.8481012658226,3754.710424710425,4356.668711656442,3884.221739130435,4030.1735751295337,4309.863945578231,4173.183333333333,3998.3802816901407,3965.9867256637167,3825.1641025641024,3384.1478260869567,3052.9268292682927,2172.6,5881.222222222223,3883.813157894737,3454.737541528239,4392.834586466165,4166.071428571428,5197.047619047619,4856.323529411765
71,0.91,3547.285714285714,3644.0806451612902,4214.636363636364,3975.2735042735044,4056.0671641791046,4277.916666666667,4326.53125,3909.96875,3984.6666666666665,3866.529411764706,3364.0,3097.6153846153848,2079.2,0.0,3959.2676056338028,3536.531746031746,4402.333333333333,4179.726190476191,6231.666666666667,5343.6875
72,0.92,3396.714285714286,3892.842105263158,4349.625,3828.509433962264,4104.179487179487,4428.969696969697,4169.322580645161,3856.346153846154,4127.363636363636,3888.4583333333335,3612.4615384615386,3104.777777777778,2652.5,0.0,4070.936507936508,3685.44262295082,4609.416666666667,4446.625,3932.0,5907.666666666667
73,0.93,3814.5,3929.076923076923,4084.740740740741,3899.967741935484,3959.962962962963,4054.6,4255.5625,3883.1875,4254.208333333333,4057.1875,3530.7272727272725,3091.3333333333335,2508.75,5879.0,4124.590909090909,3634.653846153846,4226.7,4134.0,0.0,0.0
74,0.94,3563.6666666666665,3683.0,4931.5,4258.0,4032.9285714285716,4448.222222222223,4316.846153846154,4067.6,4838.4,3697.714285714286,3134.0,0.0,2594.0,0.0,4449.384615384615,3801.36,5980.0,5337.666666666667,6288.0,0.0
75,0.95,2840.5,3728.4,5062.4,3680.4117647058824,4127.7692307692305,3899.6666666666665,4618.25,4096.0,4399.5,4092.3333333333335,3441.4285714285716,3209.375,2258.5,6951.0,4340.071428571428,3494.7,5182.0,3893.6666666666665,0.0,4285.5
76,0.96,2573.722222222222,3956.0,4160.4,3709.1,4361.714285714285,4143.857142857143,4253.0,3986.3125,3895.6923076923076,3067.4444444444443,2828.8333333333335,3273.5,1971.9,0.0,4205.588235294118,3546.5,4941.5,4055.1428571428573,0.0,0.0
77,0.97,2735.6666666666665,3880.6,3879.6,4197.4,4990.142857142857,4493.25,4078.0,4092.8823529411766,4786.666666666667,4282.2,2827.0,3072.0,2327.6666666666665,0.0,4404.538461538462,3959.0526315789475,0.0,4036.0,7108.0,6889.0
78,0.98,2698.4285714285716,2898.0,4414.8,3126.6666666666665,3947.6,0.0,3742.6666666666665,4217.5,3433.375,3403.5,2667.0,0.0,1927.8333333333333,0.0,4369.75,3745.3846153846152,0.0,4623.0,0.0,0.0
79,0.99,2599.8333333333335,4052.0,5837.5,5893.0,5045.875,5332.0,4780.0,5382.571428571428,4863.0,0.0,3074.0,2690.6,1845.0,0.0,4309.25,4297.6,5947.0,5993.5,0.0,0.0
80,1.0,4129.937984496124,5098.90650406504,5503.56462585034,5277.638805970149,5592.114583333333,5948.864285714286,5532.252136752137,5452.555984555985,5482.061403508772,4438.649425287356,3866.8840579710145,3561.0975609756097,2636.5238095238096,9814.363636363636,4805.424242424242,3988.7056962025317,6194.6016949152545,5783.044534412956,8149.71875,7784.9
81,1.01,4504.80198019802,5242.830721003134,6021.89349112426,5351.255533199195,5628.280991735537,6199.914027149322,5918.274143302181,5765.154241645244,5659.779187817259,4645.55785123967,4036.1111111111113,3773.0,2769.64,10363.0,4864.133709981167,4190.83962264151,6643.221052631579,5980.036855036855,9329.4,8314.675925925925
82,1.02,4581.086956521739,4950.89705882353,5963.69801980198,5456.664921465968,5784.741379310345,6699.3421052631575,6208.90625,5926.179310344827,5928.132450331126,4669.072,4100.135135135135,3588.3214285714284,3256.5555555555557,12224.42857142857,4963.630952380952,4201.015384615384,7165.377049180328,6038.056338028169,9203.045454545454,8306.684210526315
83,1.03,3804.75,4373.263157894737,6066.932926829269,5502.184466019417,5193.69014084507,6041.88,6192.698113207547,6181.068493150685,5721.549450549451,4732.866666666667,4329.875,3840.4444444444443,2953.714285714286,11365.0,5042.088495575221,4310.927272727273,6880.85,6304.88679245283,9525.833333333334,9423.105263157895
84,1.04,4100.166666666667,4591.5,6071.589928057554,5720.369369369369,5793.808823529412,7478.882352941177,6428.733333333334,6114.868852459016,6044.010638297872,4890.553846153846,4286.46875,3915.5333333333333,3037.1666666666665,12076.1,4961.104651162791,4277.73786407767,6857.216216216216,6207.469696969697,8695.1,8639.214285714286
85,1.05,3974.222222222222,4829.65,6777.6732673267325,5344.4358974358975,5621.096774193548,6159.391304347826,6286.53488372093,6960.68,6125.4078947368425,4913.723404255319,4332.3125,3764.4,2554.25,10094.555555555555,5234.923076923077,4248.774647887324,6873.4838709677415,6170.118644067797,10282.375,8930.947368421053
86,1.06,2615.5,4766.428571428572,6358.39705882353,5662.304347826087,6063.31884057971,7733.862068965517,6748.526315789473,6123.581818181819,6557.044117647059,5049.788461538462,4643.764705882353,4075.285714285714,3029.0,11957.714285714286,5202.289473684211,4403.953125,7112.0,6359.3125,8488.333333333334,9139.291666666666
87,1.07,4020.5,4876.818181818182,6525.45045045045,5379.602739726028,6319.238095238095,8557.095238095239,6935.333333333333,5857.510638297872,6172.451612903225,5190.702127659574,4718.8421052631575,4394.9,3009.6666666666665,13817.714285714286,5204.637931034483,4541.161764705882,6862.217391304348,6308.75,8472.8,9169.684210526315
88,1.08,4696.666666666667,4864.444444444444,6356.137931034483,5209.652173913043,5367.444444444444,6375.882352941177,6519.62962962963,6013.928571428572,5985.041666666667,5267.09756097561,4699.076923076923,4068.5,3051.6666666666665,9433.0,5282.910714285715,4483.547169811321,7521.411764705882,6355.5,10026.833333333334,8273.6
89,1.09,3628.6666666666665,6280.222222222223,6343.747663551402,5367.147540983607,5940.9,5912.0,6789.923076923077,6733.083333333333,6594.433962264151,5254.4807692307695,4607.0,4423.181818181818,3549.0,12042.75,5246.121212121212,4590.517241379311,7317.807692307692,6057.630434782609,8233.2,8875.6
90,1.1,4308.0,4398.777777777777,6417.087912087912,5473.389830508475,5795.173076923077,7988.0,5607.821428571428,6932.918918918919,6620.238095238095,5025.66,4444.678571428572,4149.555555555556,3723.5,9912.5,5125.9,4483.571428571428,7283.809523809524,6536.954545454545,10319.333333333334,10116.142857142857
91,1.11,5025.5,5170.0625,6834.604166666667,5396.536231884058,5805.959183673469,7654.210526315789,6548.787878787879,7809.387096774193,6659.844444444445,5091.0344827586205,4569.258064516129,4366.4,3325.6666666666665,10202.25,5180.603448275862,4635.74025974026,7407.05,6580.276595744681,11716.9,9457.76923076923
92,1.12,5617.333333333333,5014.6,6563.441558441558,5517.880597014925,5696.806451612903,6446.8,5933.789473684211,7201.035714285715,6908.833333333333,5070.627906976744,4728.72,3973.0,3854.714285714286,9392.0,5236.866666666667,4509.456140350877,7451.173913043478,6518.424242424242,8396.0,9357.866666666667
93,1.13,4575.6,4101.6,6971.734177215189,5843.705882352941,5347.884615384615,8209.153846153846,7778.0,6324.541666666667,6949.7441860465115,4998.7169811320755,4907.35,4464.285714285715,3588.5714285714284,11407.4,5246.268292682927,4562.45652173913,6961.235294117647,6469.72972972973,10862.7,10151.923076923076
94,1.14,4892.0,4906.9,6759.763888888889,5757.686274509804,6383.342857142857,6725.636363636364,7752.0,7292.709677419355,6726.622222222222,5538.611111111111,4925.8421052631575,4406.933333333333,3616.0,13690.666666666666,5331.740740740741,4729.777777777777,6896.9047619047615,6476.1875,10901.888888888889,9508.7
95,1.15,0.0,4777.5,6512.391304347826,5459.736842105263,5871.555555555556,6847.5,6997.384615384615,6656.4,6391.0625,5165.419354838709,5372.4,4524.0,3563.3333333333335,12895.0,5427.5625,4637.864864864865,7006.375,6341.5,10071.2,9175.222222222223
96,1.16,4064.75,4875.833333333333,6897.60294117647,5551.815789473684,5713.733333333334,6934.6,5778.625,7156.9375,7228.5675675675675,5325.413793103448,4855.470588235294,4670.0,3677.5,9190.4,5432.025,4809.09756097561,8246.0,6233.476190476191,10843.8,9897.0
97,1.17,4127.0,4411.8,6931.45652173913,5681.1,6009.916666666667,6944.444444444444,5988.5,6779.625,7819.818181818182,5460.777777777777,4658.7692307692305,4179.625,3087.1666666666665,7955.0,5419.05,4963.32,8029.583333333333,6970.733333333334,10675.666666666666,9488.4
98,1.18,4226.0,5165.0,7110.942857142857,6194.0,6245.166666666667,5040.428571428572,6558.0,9760.0,7580.2,5675.692307692308,5513.9047619047615,4663.0,3822.777777777778,6867.0,5824.478260869565,4790.789473684211,7213.0,7016.888888888889,9640.0,10141.666666666666
99,1.19,4570.666666666667,6381.8,7346.189189189189,5667.0,6608.941176470588,8508.625,6211.416666666667,8183.142857142857,8217.666666666666,5837.419354838709,5287.117647058823,4744.333333333333,3560.3333333333335,7207.0,5730.56,4943.75,7776.9375,6637.058823529412,13137.5,9801.777777777777
100,1.2,3597.214285714286,6201.162790697675,7434.868421052632,6379.058394160584,6513.390728476821,8125.666666666667,8295.28947368421,8034.15625,7585.153153153153,5974.631578947368,5358.285714285715,4713.461538461538,3118.2,10971.6,5828.986111111111,5182.196078431372,7621.626666666667,7138.663636363636,10669.85,10180.884615384615
101,1.21,4359.888888888889,6210.607142857143,7789.527777777777,6387.622950819672,6662.8,8222.833333333334,7777.933333333333,8449.136363636364,7997.771428571428,6375.965909090909,5354.2962962962965,4990.227272727273,3519.5,9265.0,5887.3875,5241.246376811594,8028.5901639344265,7049.827586206897,9999.7,9126.5
102,1.22,4234.0,5763.571428571428,7508.336956521739,6633.9277108433735,6746.027027027027,7407.428571428572,7403.823529411765,8905.689655172413,7880.773584905661,6505.528301886792,5719.727272727273,4981.944444444444,2780.5,10336.0,6095.927272727273,5421.444444444444,7690.575757575758,7412.574074074074,12704.57142857143,10168.923076923076
103,1.23,0.0,5073.444444444444,7744.032258064516,6854.0,7828.51282051282,7933.916666666667,9076.916666666666,8491.545454545454,8753.574468085106,6572.981132075472,6093.833333333333,5166.5,3718.3333333333335,8508.0,6143.529411764706,5513.763157894737,8248.324324324325,7193.961538461538,10319.818181818182,9691.193548387097
104,1.24,5624.666666666667,7348.0,7893.444444444444,6735.983333333334,6581.545454545455,8788.666666666666,6510.777777777777,8909.857142857143,8737.774193548386,6703.9473684210525,5648.766666666666,4680.45,3154.0,11712.666666666666,6152.2307692307695,5198.45,8454.09375,7264.382352941177,10683.4,11012.266666666666
105,1.25,0.0,6169.714285714285,7630.816666666667,6422.702127659574,7262.875,7960.2,7998.375,9316.727272727272,8693.90909090909,6704.575757575758,5716.185185185185,5164.476190476191,3500.0,12732.0,6278.076923076923,5396.8,7977.090909090909,7174.454545454545,11068.375,9183.1
106,1.26,4216.0,5323.25,8137.930232558139,7200.34375,7361.333333333333,8450.142857142857,9176.8,9502.846153846154,8446.809523809523,6856.666666666667,5582.933333333333,5249.833333333333,0.0,0.0,6600.7,5446.086956521739,9291.923076923076,7301.684210526316,11539.833333333334,11315.5
107,1.27,5334.0,5151.25,7313.511627906977,6687.777777777777,6659.190476190476,7662.25,8494.4,8449.916666666666,8893.75,6446.315789473684,5706.15,5370.5,3698.5,11157.0,6490.894736842105,5162.6,7855.529411764706,7268.88,12441.666666666666,9324.0
108,1.28,0.0,4848.0,8158.757575757576,7279.615384615385,8246.857142857143,8179.5,11947.0,8858.5,8811.814814814816,6120.0,6136.333333333333,5075.0,4097.333333333333,14127.8,6422.9375,5771.478260869565,9554.5,6973.2,11203.0,11384.0
109,1.29,3710.0,5608.0,7708.758620689655,7202.8,6706.0625,9528.666666666666,10001.5,7904.7692307692305,7974.615384615385,6819.0,5952.875,5638.75,3938.2,0.0,6524.315789473684,5820.928571428572,8825.4375,6843.666666666667,12425.0,10326.75
110,1.3,3523.6666666666665,6649.571428571428,9413.103448275862,7347.175,7196.428571428572,8268.625,9808.5,8731.266666666666,9594.636363636364,6618.666666666667,6771.076923076923,5402.866666666667,2541.5,11046.75,6912.941176470588,5945.181818181818,8033.75,7326.954545454545,11747.5,12074.222222222223
111,1.31,0.0,6204.857142857143,9130.48717948718,6738.441860465116,7149.4,13952.5,8687.0,9085.09090909091,9604.32,6976.038461538462,6163.625,5376.333333333333,0.0,0.0,6456.0,5633.8,8845.28,7919.818181818182,13323.75,11704.2
112,1.32,7267.5,6488.5,8497.0,6783.428571428572,7354.636363636364,0.0,7249.25,10249.125,9499.583333333334,6924.916666666667,6405.25,5523.166666666667,4583.5,0.0,6619.1578947368425,5704.5,8784.307692307691,8439.875,10240.333333333334,10701.4
113,1.33,5230.666666666667,8590.25,8842.291666666666,7436.571428571428,6280.727272727273,8587.5,7890.5,9002.857142857143,9524.214285714286,7076.35294117647,6911.222222222223,5992.9,4698.0,18435.0,6858.7,6168.055555555556,8279.375,7715.166666666667,12255.0,11868.0
114,1.34,5106.0,0.0,8650.045454545454,8050.0,7110.083333333333,6932.25,13578.666666666666,9568.666666666666,8262.8,8003.6,6844.333333333333,5682.571428571428,0.0,14386.0,7428.25,6014.470588235294,8396.285714285714,8160.8,10947.5,12555.333333333334
115,1.35,5476.2,5016.5,8248.181818181818,7233.684210526316,7200.416666666667,0.0,5758.0,10962.0,9002.0,7577.642857142857,6011.5,5644.5,4601.5,14616.0,6030.75,5463.181818181818,9507.9,7348.8,10639.0,11247.333333333334
116,1.36,4158.0,6797.0,9675.5,7659.333333333333,9831.42857142857,10184.333333333334,9224.0,9423.25,10238.0,8285.2,6724.0,5739.833333333333,0.0,0.0,8327.142857142857,5977.4,9792.75,8373.6,0.0,11935.875
117,1.37,0.0,0.0,10081.75,7254.785714285715,7736.666666666667,0.0,8476.666666666666,0.0,9787.23076923077,8462.285714285714,7595.0,5713.833333333333,0.0,13439.0,0.0,6197.6,9059.9,8168.333333333333,12398.5,9715.666666666666
118,1.38,4730.0,0.0,9476.0,7195.0,7836.0,0.0,0.0,11646.666666666666,8770.5,7438.0,5796.0,5969.666666666667,0.0,0.0,7836.0,6117.375,9411.75,8690.0,14609.0,0.0
119,1.39,0.0,7032.5,8727.0,7632.333333333333,8422.0,9519.0,8668.0,7519.666666666667,10529.833333333334,7981.0,6368.833333333333,6672.0,3985.0,13002.0,8258.75,6458.857142857143,7566.0,7932.571428571428,0.0,10366.5
120,1.4,0.0,9046.333333333334,9827.583333333334,8169.133333333333,9016.777777777777,9760.25,6147.0,10750.0,10298.833333333334,8323.8,7421.25,6015.25,0.0,10976.0,7523.111111111111,7161.083333333333,10376.4,9320.875,15971.0,12875.0
121,1.41,0.0,9511.6,10175.444444444445,9313.272727272728,10391.666666666666,7244.5,12609.25,12378.5,10651.888888888889,8161.625,6751.0,7582.0,0.0,0.0,8058.285714285715,7283.333333333333,11038.0,10014.666666666666,15740.5,14853.0
122,1.42,0.0,8780.5,10575.2,9412.8,10822.25,0.0,8914.666666666666,13556.75,11349.333333333334,7982.333333333333,7025.5,7773.0,0.0,0.0,8502.6,7667.5,10136.25,10138.5,17173.5,7773.0
123,1.43,6086.0,0.0,9688.8,11097.0,8634.2,11661.5,6086.0,8809.0,10324.75,9587.5,0.0,6562.5,0.0,0.0,8416.166666666666,6086.0,11400.0,10370.0,0.0,10129.0
124,1.44,7338.0,5987.0,8410.5,6136.8,7721.0,10846.0,5114.5,9653.0,6041.5,7295.0,4387.0,4064.0,5339.8,0.0,10189.0,6203.666666666667,7338.0,10967.0,0.0,0.0
125,1.45,4445.0,0.0,7477.0,9539.0,11181.333333333334,17545.0,0.0,7985.0,8740.0,8883.0,9683.0,6121.0,4320.0,9683.0,6316.0,4570.0,8645.0,9447.666666666666,0.0,17545.0
126,1.46,5613.5,0.0,9361.5,7686.571428571428,8578.5,8683.0,8421.0,9770.0,8283.8,6663.5,6453.0,6387.0,0.0,0.0,8578.5,6799.222222222223,12261.0,10302.0,0.0,0.0
127,1.47,4898.0,0.0,0.0,7312.5,9861.5,0.0,0.0,8214.5,9308.5,7176.75,6572.5,6223.0,4898.0,0.0,8663.0,7312.5,0.0,11060.0,0.0,0.0
128,1.48,0.0,0.0,8818.0,6651.0,7720.0,0.0,8818.0,0.0,0.0,6730.0,7641.0,0.0,0.0,0.0,0.0,7341.0,0.0,8196.0,0.0,0.0
129,1.49,8779.0,5407.0,13873.0,11498.0,7796.333333333333,0.0,0.0,11152.333333333334,10336.5,9593.333333333334,5407.0,0.0,6064.0,0.0,9335.666666666666,6590.0,12900.0,9552.0,0.0,18614.0
130,1.5,7515.422222222222,8713.009523809524,11139.58888888889,10449.372972972973,10487.901734104047,11504.265306122448,11321.524390243903,12172.942528735632,10709.078431372549,8934.387096774193,8543.598039215687,7315.5192307692305,4647.645161290323,14794.666666666666,9841.44966442953,7870.305555555556,11980.611111111111,11807.443037974683,12265.625,11778.727272727272
131,1.51,7725.388888888889,9320.16883116883,11678.09589041096,10743.015873015873,10653.164556962025,11759.757575757576,11858.294871794871,12401.666666666666,11968.89552238806,9734.330508474577,8613.58064516129,7668.090909090909,4866.357142857143,14763.5,9862.64417177914,8077.357798165138,12256.655913978495,11781.238888888889,12393.4,12426.451612903225
132,1.52,6579.692307692308,9509.08,11385.592592592593,10526.2,10960.8125,11580.483870967742,11779.354838709678,12656.648648648648,12124.981132075472,9510.96875,8849.358974358975,7979.909090909091,4167.666666666667,10419.0,10192.75,8499.786885245901,12417.285714285714,11728.430769230768,13611.7,12015.470588235294
133,1.53,7827.5,8465.142857142857,10767.258620689656,10777.095238095239,10755.775,12186.125,11542.764705882353,12213.736842105263,12344.315789473685,9856.48717948718,9149.258064516129,8094.944444444444,6419.0,11409.25,10552.735849056604,8285.694444444445,11774.607142857143,11191.30303030303,12229.2,14710.777777777777
134,1.54,9409.25,8654.0,11287.609756097561,10774.898305084746,10857.526315789473,14578.0,12200.454545454546,13032.933333333332,11722.358974358975,10180.388888888889,8373.73076923077,8037.2307692307695,5821.666666666667,13876.0,10174.333333333334,7976.75,12543.75,12321.047619047618,11638.0,13494.2
135,1.55,9045.0,9720.0,11357.634146341463,10599.933333333332,9793.583333333334,13083.142857142857,12520.222222222223,13616.857142857143,11772.727272727272,10495.52,9825.07142857143,7742.153846153846,0.0,13482.5,10332.04347826087,8808.947368421053,11371.866666666667,11744.347826086956,11869.0,15043.333333333334
136,1.56,7950.0,7858.333333333333,11225.0,10164.4,8893.785714285714,10542.0,10678.0,11273.75,12107.0,10414.888888888889,9009.4,7541.4,0.0,0.0,9972.478260869566,8203.904761904761,11197.42857142857,10787.333333333334,0.0,12729.333333333334
137,1.57,8133.0,12547.0,10800.363636363636,10262.387096774193,10093.75,11494.5,14441.0,12088.8,12089.76923076923,10428.235294117647,9535.045454545454,7920.857142857143,5170.0,0.0,10777.166666666666,8613.153846153846,11276.066666666668,10555.52,0.0,11976.0
138,1.58,0.0,9774.5,12099.818181818182,10425.772727272728,11763.153846153846,12614.666666666666,13377.25,11951.25,13094.25,11078.833333333334,9377.466666666667,8534.333333333334,4459.0,17329.0,11388.739130434782,8527.1,12597.416666666666,12127.25,11106.0,13402.0
139,1.59,0.0,9752.333333333334,11198.57142857143,11066.545454545454,10126.538461538461,11647.25,12712.285714285714,12728.0,11872.0,11601.166666666666,9501.764705882353,8294.111111111111,0.0,0.0,10464.473684210527,8881.714285714286,12939.727272727272,10621.333333333334,16599.0,14879.0
140,1.6,8666.0,12506.5,11552.37037037037,10678.42857142857,10617.181818181818,9792.0,10842.166666666666,11814.538461538461,14571.09090909091,10841.0,9552.0,8631.181818181818,0.0,16423.5,10205.722222222223,9293.8,11533.5,12048.7,14904.333333333334,16141.5
141,1.61,0.0,9755.0,12437.411764705883,10343.315789473685,9221.0,14059.333333333334,10389.5,14590.6,11147.3,10303.9,9393.285714285714,8591.857142857143,0.0,10257.5,10315.866666666667,9314.333333333334,14242.8,11728.692307692309,0.0,0.0
142,1.62,0.0,8254.666666666666,13437.0,11982.611111111111,9811.875,9116.5,12254.4,13810.692307692309,14377.0,10512.142857142857,10455.42857142857,6870.5,0.0,0.0,11859.0,8150.3,14210.375,13184.642857142857,0.0,0.0
143,1.63,0.0,10843.5,12092.842105263158,10191.5,11293.333333333334,0.0,13970.5,11659.833333333334,13051.25,11132.0,9827.75,9819.0,7164.5,0.0,10768.4375,9629.0,13481.857142857143,13004.142857142857,13211.0,12174.0
144,1.64,6901.5,7154.0,12566.09090909091,10944.23076923077,8890.857142857143,0.0,11471.5,11931.857142857143,11504.666666666666,11022.333333333334,10273.166666666666,7934.833333333333,4849.0,0.0,11641.5,8577.0,11076.666666666666,13349.333333333334,0.0,17604.0
145,1.65,5914.0,0.0,11423.454545454546,9722.142857142857,9852.666666666666,11279.5,8455.0,9693.0,11842.5,10628.4,10483.333333333334,7740.8,6912.0,17729.0,8704.714285714286,9714.111111111111,11591.0,12742.25,0.0,0.0
146,1.66,0.0,11793.5,10836.285714285714,9747.666666666666,10521.0,14224.0,10553.0,8236.5,12368.25,12786.0,8300.666666666666,8310.5,6135.0,14859.0,10110.75,8621.833333333334,12950.5,12765.0,0.0,9882.0
147,1.67,0.0,8013.0,12969.444444444445,9714.333333333334,12779.666666666666,14154.0,0.0,11341.0,16835.5,11382.166666666666,11349.6,8013.0,0.0,0.0,11104.333333333334,9694.666666666666,12966.8,11990.25,0.0,17028.0
148,1.68,0.0,5871.0,12985.125,11259.333333333334,14192.0,11147.0,9846.666666666666,12681.0,13879.166666666666,13427.0,0.0,7652.0,5871.0,0.0,12378.0,10617.0,15215.0,13549.25,0.0,0.0
149,1.69,0.0,17369.0,13114.142857142857,9794.0,10949.75,15011.0,15173.333333333334,14967.666666666666,15023.333333333334,10319.5,9499.6,5229.5,5994.4,0.0,12805.75,10317.0,16206.666666666666,14615.8,0.0,15889.0
150,1.7,10053.0,12063.0,11801.555555555555,12177.95588235294,12536.033333333333,12138.75,14607.833333333334,14065.470588235294,14551.235294117647,10792.0,10695.809523809523,9034.785714285714,6458.5,0.0,11664.354838709678,9293.257142857143,13870.478260869566,13437.75,14684.333333333334,14364.888888888889
151,1.71,8757.0,9926.111111111111,12397.37037037037,12251.542857142857,12331.95,13070.8,13227.714285714286,14534.375,14231.214285714286,12392.954545454546,10804.263157894737,9201.944444444445,0.0,0.0,11553.95,10192.045454545454,13348.235294117647,12645.4,0.0,13858.75
152,1.72,6752.0,11689.0,12278.333333333334,12507.578947368422,12183.222222222223,10312.0,17252.5,11862.285714285714,14655.2,12062.0,11224.2,8032.428571428572,6578.0,0.0,11435.8125,9849.125,16594.666666666668,14102.454545454546,0.0,14445.333333333334
153,1.73,6007.0,9849.75,12132.8,11962.0,12414.42857142857,12770.0,13736.0,11951.5,15930.0,10449.625,10997.125,8785.57142857143,8370.0,0.0,11431.64705882353,8297.333333333334,13806.57142857143,11689.4,0.0,18294.0
154,1.74,0.0,10381.5,13233.214285714286,10354.583333333334,13277.0,13566.333333333334,13974.666666666666,13342.0,16676.25,10406.75,10793.42857142857,9701.2,5749.0,0.0,12324.416666666666,9943.375,13674.8,14892.666666666666,0.0,0.0
155,1.75,0.0,10716.0,11440.333333333334,13153.6,13162.333333333334,13424.0,13095.666666666666,9966.5,16035.0,9805.375,12611.8,9803.666666666666,7455.0,0.0,12677.0,11146.0,14462.8,13997.857142857143,0.0,14394.0
156,1.76,9314.0,0.0,12280.6,13285.285714285714,11960.8,12965.0,12692.5,9659.0,16281.8,11609.75,11092.5,9848.0,0.0,0.0,11614.8,10187.285714285714,13336.833333333334,15362.5,0.0,14065.0
157,1.77,0.0,8109.0,10499.5,12498.0,12076.25,12546.0,15278.0,11965.0,10730.0,0.0,13388.0,8821.75,0.0,0.0,12774.0,9479.666666666666,12117.5,14484.5,0.0,0.0
158,1.78,0.0,9071.0,15485.5,12174.5,12456.666666666666,11855.5,0.0,15893.5,9071.0,14151.5,0.0,8889.0,0.0,0.0,13251.0,10417.75,15460.0,18128.0,0.0,0.0
159,1.79,0.0,9122.0,12775.5,13613.833333333334,15519.5,0.0,0.0,18429.0,13535.666666666666,13273.5,13151.75,9205.0,0.0,0.0,11666.0,10382.5,13725.25,16132.333333333334,0.0,0.0
160,1.8,0.0,11087.5,14810.42857142857,11018.0,10134.0,12338.0,0.0,14928.5,0.0,14038.75,10136.25,10718.0,0.0,0.0,13044.285714285714,10198.25,14521.25,0.0,0.0,0.0
161,1.81,7110.5,11336.0,0.0,13250.0,12822.0,0.0,13561.0,0.0,11336.0,0.0,12880.5,7110.5,5859.0,0.0,8362.0,12448.5,0.0,12880.5,0.0,0.0
162,1.82,5993.0,0.0,15802.0,14176.0,12466.4,0.0,0.0,15173.5,13559.75,11897.0,12320.0,10090.0,5993.0,0.0,15096.6,11584.333333333334,12014.5,14749.0,0.0,0.0
163,1.83,5083.0,0.0,13230.666666666666,11729.75,14026.5,0.0,12708.333333333334,11782.0,14398.666666666666,12597.0,12306.0,9066.0,5698.0,0.0,11913.6,12708.333333333334,13649.0,14583.0,0.0,0.0
164,1.84,0.0,0.0,8828.0,11868.666666666666,0.0,0.0,0.0,0.0,0.0,11868.666666666666,0.0,8828.0,0.0,0.0,13842.0,7922.0,8828.0,0.0,0.0,0.0
165,1.85,0.0,0.0,14375.0,0.0,5688.0,0.0,0.0,0.0,0.0,5688.0,14375.0,0.0,5688.0,0.0,0.0,0.0,0.0,0.0,0.0,14375.0
166,1.86,0.0,0.0,0.0,12470.0,13466.0,0.0,0.0,0.0,13420.0,13646.5,0.0,10798.0,0.0,0.0,14383.0,12118.666666666666,0.0,10798.0,0.0,17267.0
167,1.87,0.0,0.0,12617.666666666666,13634.5,0.0,0.0,16232.0,0.0,0.0,14399.0,0.0,10046.0,0.0,0.0,12108.0,11037.0,17761.0,0.0,0.0,0.0
168,1.88,0.0,8048.0,0.0,0.0,11912.333333333334,9791.0,0.0,0.0,0.0,12339.0,13607.0,8048.0,0.0,0.0,0.0,8919.5,0.0,12973.0,0.0,0.0
169,1.89,0.0,0.0,17553.0,0.0,15594.0,15594.0,0.0,0.0,0.0,17553.0,0.0,0.0,0.0,0.0,0.0,15594.0,17553.0,0.0,0.0,0.0
170,1.9,0.0,0.0,12304.0,12538.666666666666,0.0,0.0,0.0,12812.0,13919.0,12443.0,12165.0,10885.0,0.0,0.0,10885.0,12965.333333333334,0.0,12443.0,0.0,0.0
171,1.91,6632.0,0.0,12073.5,13275.333333333334,16375.0,0.0,0.0,17509.0,13970.5,6632.0,13275.333333333334,11447.0,0.0,0.0,14003.833333333334,9666.0,0.0,0.0,0.0,0.0
172,1.92,0.0,0.0,15472.0,0.0,15364.0,0.0,15364.0,0.0,0.0,15472.0,0.0,0.0,0.0,0.0,15472.0,15364.0,0.0,0.0,0.0,0.0
173,1.93,17995.0,0.0,18306.0,17353.0,0.0,0.0,0.0,18150.5,0.0,17353.0,0.0,0.0,0.0,0.0,18306.0,0.0,17995.0,17353.0,0.0,0.0
174,1.94,0.0,0.0,0.0,0.0,11916.5,0.0,0.0,0.0,0.0,0.0,11916.5,0.0,0.0,0.0,0.0,9344.0,0.0,14489.0,0.0,0.0
175,1.95,0.0,0.0,0.0,5045.0,15988.5,0.0,0.0,0.0,0.0,12340.666666666666,0.0,0.0,5045.0,0.0,14603.0,0.0,0.0,17374.0,0.0,0.0
176,1.96,5850.5,0.0,0.0,0.0,0.0,0.0,0.0,5554.0,0.0,0.0,6147.0,0.0,5850.5,0.0,0.0,0.0,0.0,0.0,0.0,0.0
177,1.97,0.0,0.0,0.0,17535.0,17377.0,0.0,0.0,0.0,0.0,17456.0,0.0,0.0,0.0,0.0,0.0,0.0,0.0,17456.0,0.0,0.0
178,1.98,12923.0,0.0,14581.0,16171.0,15083.0,0.0,0.0,0.0,0.0,12923.0,15278.333333333334,0.0,0.0,0.0,14581.0,0.0,14547.0,15083.0,0.0,0.0
179,1.99,17713.0,13338.0,0.0,11486.0,0.0,0.0,0.0,0.0,11486.0,17713.0,0.0,13338.0,0.0,0.0,0.0,11486.0,0.0,15525.5,0.0,0.0
180,2.0,11585.969696969696,13895.39393939394,14901.708333333334,14003.421875,14819.708333333334,15854.166666666666,15904.222222222223,15655.166666666666,13789.933333333332,13923.811320754718,14038.145833333334,11752.485714285714,6915.4,0.0,15537.283018867925,13188.282608695652,14569.333333333334,15000.515151515152,0.0,15145.0
181,2.01,12842.095238095239,14651.135593220339,15538.413793103447,14948.158878504673,14786.402298850575,15913.857142857143,15779.1,15691.966666666667,15762.439024390244,15274.033333333333,14690.082474226803,12289.36170212766,6910.857142857143,0.0,15133.60909090909,14302.963768115942,16836.25,15745.642857142857,15836.0,0.0
182,2.02,12059.166666666666,14555.363636363636,14691.70588235294,15028.0,14988.2,15272.75,16860.0,16176.923076923076,14200.133333333333,15464.914285714285,14875.46875,12505.5,6346.0,0.0,15503.72972972973,14193.5,16377.285714285714,15601.764705882353,0.0,0.0
183,2.03,10428.0,13523.6,14843.9375,14373.6875,15390.21052631579,15570.0,15870.25,16053.8,15006.157894736842,14628.6,14430.107142857143,13064.058823529413,6544.25,0.0,15475.965517241379,14077.739130434782,14588.0,16762.3,0.0,15970.5
184,2.04,9802.0,16702.0,15204.90909090909,14568.69696969697,14961.95,17670.0,16388.5,17070.5,14092.0,15666.57142857143,14490.434782608696,13479.92857142857,8740.0,17327.0,15930.3,14857.423076923076,16354.5,14465.636363636364,0.0,0.0
185,2.05,17408.0,11587.0,16029.916666666666,15459.5,15249.888888888889,15333.5,17374.2,15840.75,15380.90909090909,16411.272727272728,13985.3,14732.0,7026.0,0.0,16660.916666666668,14961.653846153846,15992.166666666666,15654.833333333334,0.0,17214.0
186,2.06,0.0,12863.0,14809.785714285714,14492.681818181818,14934.57142857143,0.0,14634.0,14849.25,16469.75,12319.0,15163.588235294117,11335.857142857143,7087.0,0.0,14903.222222222223,14888.9,15393.0,15516.6,0.0,0.0
187,2.07,9759.5,16913.0,15481.307692307691,15196.4375,16234.333333333334,13016.0,15371.5,15992.0,13737.333333333334,15519.75,16105.75,13828.333333333334,6503.0,0.0,15690.733333333334,15374.6875,0.0,15469.555555555555,0.0,16769.0
188,2.08,0.0,12634.5,16298.7,14222.5625,15280.0,0.0,17376.333333333332,13437.0,15503.5,14636.384615384615,15119.181818181818,13585.0,6150.0,0.0,16030.857142857143,14428.2,0.0,16761.166666666668,0.0,0.0
189,2.09,0.0,11576.0,15243.625,14824.583333333334,16484.222222222223,0.0,0.0,16771.875,14064.666666666666,15076.0,15797.2,13747.8,0.0,0.0,15433.333333333334,15118.333333333334,16140.666666666666,15542.0,0.0,0.0
190,2.1,10982.833333333334,11969.5,15389.2,15121.0,14246.125,0.0,16783.0,16769.333333333332,11795.5,15928.0,14174.727272727272,13478.285714285714,6597.0,0.0,15548.666666666666,14339.047619047618,0.0,13458.2,17606.0,0.0
191,2.11,9826.0,0.0,14167.4,14209.214285714286,15639.142857142857,16802.5,17871.0,12545.0,14153.875,13508.25,15202.166666666666,12769.8,7426.5,0.0,15946.0,14331.21052631579,0.0,15977.0,0.0,0.0
192,2.12,0.0,0.0,16727.75,15126.0,15998.25,0.0,16002.0,17712.0,12836.0,16615.0,16301.0,12085.0,7508.0,0.0,18387.0,15658.461538461539,0.0,17161.0,0.0,0.0
193,2.13,13370.0,0.0,15889.5,15276.0,15304.0,0.0,0.0,17045.0,16406.25,15866.833333333334,13814.666666666666,14378.0,0.0,0.0,16020.75,15198.0,0.0,15184.0,0.0,0.0
194,2.14,8519.333333333334,14423.5,14612.7,15521.631578947368,16134.57142857143,17127.0,16493.666666666668,16383.0,15175.4,13460.166666666666,15645.3125,12237.857142857143,5866.5,0.0,15981.857142857143,14729.681818181818,0.0,16072.6,0.0,0.0
195,2.15,5430.0,13317.0,16151.222222222223,13141.666666666666,17065.0,0.0,0.0,0.0,15294.0,15249.875,14019.666666666666,11596.333333333334,5893.5,0.0,14939.0,15715.181818181818,15613.0,0.0,0.0,0.0
196,2.16,0.0,14266.0,15924.875,15605.2,15892.6,0.0,0.0,13857.0,16583.5,14232.333333333334,16629.166666666668,15966.833333333334,9036.0,0.0,15939.4,15666.57142857143,17506.0,15173.0,17891.0,0.0
197,2.17,6817.0,16036.0,17564.0,13217.42857142857,14722.333333333334,16472.0,0.0,9078.0,9569.0,14590.25,16962.666666666668,13577.666666666666,7947.5,0.0,15717.6,14312.42857142857,0.0,0.0,0.0,0.0
198,2.18,0.0,15452.333333333334,15527.857142857143,15287.25,14830.57142857143,0.0,0.0,18717.0,16142.75,15292.2,14940.375,14556.0,0.0,0.0,14700.166666666666,15391.666666666666,0.0,15522.0,0.0,0.0
199,2.19,0.0,12418.666666666666,16400.75,14909.375,15707.666666666666,18693.0,0.0,0.0,13978.0,16790.333333333332,14789.181818181818,11767.0,0.0,0.0,15602.2,14711.23076923077,0.0,0.0,0.0,0.0
200,2.2,7934.0,13919.0,15880.454545454546,15806.333333333334,13663.5,0.0,0.0,0.0,17017.333333333332,15428.6,15028.0,14480.75,7934.0,0.0,17201.0,14812.133333333333,15119.0,17354.333333333332,0.0,0.0
201,2.21,0.0,0.0,15897.0,15059.444444444445,16076.75,0.0,0.0,17570.0,16679.2,13828.75,17749.0,12728.0,0.0,0.0,17749.0,15145.357142857143,0.0,0.0,0.0,0.0
202,2.22,8226.333333333334,15718.0,15279.75,14938.166666666666,14046.0,0.0,0.0,13553.0,13572.5,6564.0,15879.5,11839.333333333334,6085.5,0.0,16124.0,13752.454545454546,0.0,16512.5,0.0,0.0
203,2.23,0.0,0.0,0.0,14777.0,13693.5,0.0,0.0,0.0,16805.0,12921.0,18149.0,14063.125,0.0,0.0,13818.666666666666,13787.75,16025.0,15916.0,0.0,0.0
204,2.24,0.0,0.0,16649.166666666668,14906.666666666666,16317.5,0.0,0.0,17989.0,0.0,16366.5,16266.875,13704.333333333334,0.0,0.0,18299.0,16035.0,11970.0,15316.0,0.0,0.0
205,2.25,6861.0,15287.0,14263.333333333334,16260.42857142857,14186.0,18007.0,9072.0,0.0,7069.0,14173.75,15652.6,14962.666666666666,7598.0,0.0,16391.0,15606.42857142857,0.0,0.0,0.0,0.0
206,2.26,0.0,16241.0,16014.25,14195.0,13860.0,0.0,0.0,0.0,12831.0,14261.833333333334,16462.0,17010.0,0.0,0.0,16904.0,14542.666666666666,0.0,17010.0,0.0,0.0
207,2.27,6432.0,15650.0,15664.0,15431.0,0.0,0.0,0.0,0.0,12737.0,14249.0,14487.0,13259.333333333334,6432.0,0.0,16352.5,14458.75,17022.5,0.0,0.0,0.0
208,2.28,0.0,14350.0,15265.666666666666,17373.666666666668,12907.0,0.0,0.0,0.0,0.0,16284.666666666666,0.0,15264.2,0.0,0.0,13552.5,16284.666666666666,16383.0,16450.0,0.0,0.0
209,2.29,13256.0,0.0,13850.0,16723.571428571428,14785.0,0.0,0.0,0.0,14395.0,14584.0,18562.666666666668,14561.2,0.0,18594.0,16558.666666666668,14293.285714285714,0.0,16262.0,0.0,0.0
210,2.3,0.0,0.0,16344.166666666666,14487.666666666666,14603.0,0.0,0.0,0.0,15088.5,15595.0,15483.0,14811.0,0.0,0.0,17193.0,14810.0,0.0,17150.5,0.0,0.0
211,2.31,7257.0,0.0,0.0,15515.333333333334,16602.0,0.0,0.0,0.0,7257.0,13050.0,17159.2,15868.0,7257.0,0.0,16613.0,15476.0,17451.0,14830.0,0.0,0.0
212,2.32,6860.0,0.0,17939.0,15379.0,18508.0,0.0,0.0,16237.0,18532.0,14482.666666666666,16032.75,16536.666666666668,6860.0,0.0,18053.0,16292.57142857143,17891.0,17053.0,0.0,0.0
213,2.33,0.0,13242.0,16288.5,11523.0,15473.333333333334,0.0,0.0,0.0,13242.0,10860.0,16898.666666666668,13716.666666666666,8220.0,0.0,14822.666666666666,13371.0,0.0,15792.666666666666,0.0,0.0
214,2.34,0.0,0.0,11221.0,8491.0,0.0,0.0,0.0,0.0,0.0,11221.0,8491.0,0.0,9856.0,0.0,0.0,0.0,0.0,0.0,0.0,0.0
215,2.35,0.0,0.0,0.0,16251.833333333334,15122.0,0.0,0.0,0.0,0.0,17169.5,15973.75,14399.0,0.0,0.0,16092.0,16512.5,14399.0,0.0,0.0,0.0
216,2.36,0.0,12286.0,16514.666666666668,18745.0,0.0,0.0,0.0,0.0,0.0,16820.0,0.0,15057.5,0.0,0.0,0.0,15686.5,17829.0,0.0,0.0,0.0
217,2.37,0.0,0.0,16595.0,0.0,0.0,0.0,0.0,0.0,0.0,16937.0,0.0,16424.0,0.0,0.0,0.0,16937.0,0.0,16424.0,0.0,0.0
218,2.38,0.0,0.0,0.0,15180.333333333334,16126.0,0.0,0.0,0.0,14648.0,18522.0,0.0,14807.6,0.0,0.0,12364.0,12682.0,18522.0,16986.0,0.0,0.0
219,2.39,0.0,0.0,17365.0,17164.5,16791.0,0.0,0.0,0.0,0.0,16687.0,17642.0,17078.0,0.0,0.0,16687.0,0.0,17503.5,16791.0,0.0,0.0
220,2.4,15824.0,18541.0,16142.0,16550.5,17955.0,0.0,0.0,16797.0,0.0,18374.0,17845.0,15320.75,0.0,0.0,16000.0,17197.8,0.0,0.0,0.0,0.0
221,2.41,0.0,17923.0,16987.0,14710.333333333334,0.0,0.0,0.0,0.0,0.0,15248.0,16157.666666666666,15320.0,0.0,0.0,0.0,15930.25,15320.0,0.0,0.0,0.0
222,2.42,0.0,0.0,0.0,16924.166666666668,0.0,0.0,0.0,0.0,0.0,0.0,0.0,16924.166666666668,0.0,0.0,0.0,16198.0,0.0,17650.333333333332,0.0,0.0
223,2.43,14975.0,0.0,17856.0,14378.333333333334,16170.0,0.0,0.0,0.0,12345.5,16170.0,16291.5,18692.0,9716.0,0.0,0.0,15932.0,0.0,18692.0,0.0,0.0
224,2.44,0.0,0.0,0.0,13027.0,17478.333333333332,0.0,0.0,0.0,0.0,0.0,13027.0,17478.333333333332,0.0,0.0,17472.0,13027.0,0.0,17481.5,0.0,0.0
225,2.45,0.0,0.0,17351.0,0.0,0.0,0.0,0.0,16589.0,0.0,0.0,0.0,18113.0,0.0,0.0,0.0,16589.0,0.0,18113.0,0.0,0.0
226,2.46,0.0,0.0,16105.5,0.0,0.0,0.0,0.0,0.0,15745.0,0.0,0.0,16466.0,0.0,0.0,0.0,16105.5,0.0,0.0,0.0,0.0
227,2.47,0.0,0.0,15430.0,15751.0,0.0,0.0,0.0,0.0,0.0,0.0,14970.0,15981.0,0.0,0.0,0.0,15644.0,0.0,0.0,0.0,0.0
228,2.48,15030.0,0.0,12883.0,17161.0,17444.75,0.0,0.0,18692.0,0.0,16819.5,15936.6,0.0,0.0,0.0,17304.0,16234.333333333334,0.0,0.0,0.0,0.0
229,2.49,6289.0,0.0,16915.0,18325.0,0.0,0.0,0.0,0.0,0.0,0.0,18325.0,11602.0,6289.0,0.0,16915.0,18325.0,0.0,0.0,0.0,0.0
230,2.5,12767.42857142857,18325.0,15673.25,13457.0,17028.0,0.0,0.0,17405.0,10253.0,11674.333333333334,17701.0,15957.166666666666,8344.0,0.0,17028.0,15221.333333333334,0.0,17640.0,0.0,0.0
231,2.51,0.0,14230.0,16841.0,16167.2,17419.5,0.0,16717.0,0.0,14251.0,15920.2,16778.666666666668,17148.0,0.0,0.0,16539.333333333332,16185.9,0.0,18020.0,0.0,0.0
232,2.52,12926.0,17608.0,17231.0,17887.0,17689.0,0.0,0.0,0.0,15124.333333333334,17522.0,17741.5,15776.0,10076.0,0.0,17741.5,17148.75,0.0,0.0,0.0,0.0
233,2.53,17103.0,0.0,16709.0,16020.333333333334,0.0,0.0,0.0,0.0,0.0,16291.0,16709.0,0.0,0.0,0.0,17481.5,15636.666666666666,0.0,0.0,0.0,0.0
234,2.54,0.0,0.0,13554.0,14717.0,16581.0,0.0,0.0,0.0,14421.0,15535.0,15359.0,0.0,0.0,0.0,0.0,15261.333333333334,0.0,0.0,0.0,0.0
235,2.55,0.0,0.0,0.0,16558.5,0.0,0.0,0.0,0.0,0.0,0.0,16558.5,0.0,0.0,0.0,0.0,14351.0,18766.0,0.0,0.0,0.0
236,2.56,0.0,15231.0,17753.0,17186.0,0.0,0.0,0.0,0.0,0.0,0.0,0.0,16723.333333333332,0.0,0.0,17469.5,15231.0,0.0,0.0,0.0,0.0
237,2.57,0.0,0.0,0.0,17841.666666666668,0.0,17924.0,17116.0,0.0,0.0,0.0,0.0,18485.0,0.0,0.0,18485.0,17520.0,0.0,0.0,0.0,0.0
238,2.58,12500.0,0.0,0.0,16195.0,0.0,0.0,0.0,12500.0,0.0,16195.0,0.0,0.0,0.0,0.0,0.0,14347.5,0.0,0.0,0.0,0.0
239,2.59,0.0,0.0,16465.0,0.0,0.0,0.0,0.0,0.0,0.0,0.0,0.0,16465.0,0.0,0.0,0.0,0.0,16465.0,0.0,0.0,0.0
240,2.6,17027.0,0.0,0.0,17209.0,0.0,0.0,0.0,0.0,17027.0,0.0,0.0,17209.0,0.0,0.0,0.0,17118.0,0.0,0.0,0.0,0.0
241,2.61,0.0,13784.0,18756.0,0.0,0.0,0.0,0.0,0.0,0.0,0.0,16270.0,0.0,0.0,0.0,0.0,16270.0,0.0,0.0,0.0,0.0
242,2.63,0.0,0.0,16914.0,10628.0,10437.0,0.0,0.0,0.0,0.0,0.0,0.0,12659.666666666666,10532.5,0.0,0.0,16914.0,0.0,0.0,0.0,0.0
243,2.64,0.0,0.0,17407.0,0.0,0.0,0.0,0.0,0.0,0.0,17407.0,0.0,0.0,0.0,0.0,0.0,17407.0,0.0,0.0,0.0,0.0
244,2.65,0.0,0.0,0.0,16314.0,0.0,0.0,0.0,0.0,16314.0,0.0,0.0,0.0,0.0,0.0,0.0,16314.0,0.0,0.0,0.0,0.0
245,2.66,0.0,16239.0,0.0,0.0,0.0,0.0,0.0,0.0,0.0,16239.0,0.0,0.0,0.0,0.0,0.0,16239.0,0.0,0.0,0.0,0.0
246,2.67,0.0,18686.0,0.0,0.0,0.0,0.0,0.0,18686.0,0.0,0.0,0.0,0.0,0.0,0.0,0.0,18686.0,0.0,0.0,0.0,0.0
247,2.68,0.0,0.0,0.0,8419.0,9665.0,0.0,0.0,0.0,8419.0,0.0,9665.0,0.0,9042.0,0.0,0.0,0.0,0.0,0.0,0.0,0.0
248,2.7,0.0,0.0,0.0,0.0,14341.0,0.0,0.0,0.0,0.0,14341.0,0.0,0.0,0.0,0.0,0.0,14341.0,0.0,0.0,0.0,0.0
249,2.71,0.0,0.0,0.0,17146.0,0.0,0.0,17146.0,0.0,0.0,0.0,0.0,0.0,0.0,0.0,0.0,17146.0,0.0,0.0,0.0,0.0
250,2.72,0.0,0.0,14697.5,0.0,0.0,0.0,0.0,0.0,0.0,11594.0,0.0,17801.0,11594.0,0.0,0.0,17801.0,0.0,0.0,0.0,0.0
251,2.74,8807.0,0.0,0.0,0.0,0.0,0.0,0.0,0.0,0.0,0.0,0.0,8807.0,8807.0,0.0,0.0,0.0,0.0,0.0,0.0,0.0
252,2.75,0.0,0.0,13156.0,15415.0,0.0,13156.0,0.0,0.0,0.0,15415.0,0.0,0.0,13156.0,0.0,0.0,15415.0,0.0,0.0,0.0,0.0
253,2.77,0.0,0.0,0.0,10424.0,0.0,0.0,0.0,0.0,0.0,10424.0,0.0,0.0,10424.0,0.0,0.0,0.0,0.0,0.0,0.0,0.0
254,2.8,0.0,18788.0,0.0,15030.0,0.0,0.0,0.0,0.0,18788.0,0.0,15030.0,0.0,0.0,0.0,0.0,16909.0,0.0,0.0,0.0,0.0
255,3.0,16970.0,10863.0,0.0,16970.0,6512.0,0.0,0.0,0.0,0.0,6512.0,14934.333333333334,0.0,8687.5,0.0,0.0,16970.0,0.0,0.0,0.0,0.0
256,3.01,14501.5,18359.0,16287.5,13827.4,0.0,0.0,0.0,9925.0,14220.0,14677.0,16201.6,17095.0,11316.0,0.0,0.0,17566.0,0.0,0.0,0.0,0.0
257,3.02,10577.0,0.0,0.0,0.0,0.0,0.0,0.0,0.0,0.0,0.0,10577.0,0.0,10577.0,0.0,0.0,0.0,0.0,0.0,0.0,0.0
258,3.04,0.0,0.0,0.0,18559.0,0.0,0.0,0.0,0.0,0.0,0.0,18559.0,0.0,0.0,0.0,0.0,18559.0,0.0,0.0,0.0,0.0
259,3.05,0.0,0.0,0.0,10453.0,0.0,0.0,10453.0,0.0,0.0,0.0,0.0,0.0,10453.0,0.0,0.0,0.0,0.0,0.0,0.0,0.0
260,3.11,9823.0,0.0,0.0,0.0,0.0,0.0,0.0,0.0,0.0,0.0,0.0,9823.0,9823.0,0.0,0.0,0.0,0.0,0.0,0.0,0.0
261,3.22,0.0,0.0,12545.0,0.0,0.0,0.0,0.0,0.0,0.0,0.0,12545.0,0.0,12545.0,0.0,0.0,0.0,0.0,0.0,0.0,0.0
262,3.24,0.0,0.0,0.0,12300.0,0.0,0.0,0.0,0.0,0.0,12300.0,0.0,0.0,12300.0,0.0,0.0,0.0,0.0,0.0,0.0,0.0
263,3.4,15964.0,0.0,0.0,0.0,0.0,15964.0,0.0,0.0,0.0,0.0,0.0,0.0,15964.0,0.0,0.0,0.0,0.0,0.0,0.0,0.0
264,3.5,0.0,0.0,12587.0,0.0,0.0,0.0,0.0,0.0,0.0,12587.0,0.0,0.0,12587.0,0.0,0.0,0.0,0.0,0.0,0.0,0.0
265,3.51,0.0,0.0,0.0,18701.0,0.0,0.0,0.0,0.0,0.0,0.0,0.0,18701.0,0.0,0.0,0.0,0.0,0.0,18701.0,0.0,0.0
266,4.0,0.0,0.0,0.0,0.0,15984.0,0.0,0.0,0.0,0.0,0.0,15984.0,0.0,15984.0,0.0,0.0,0.0,0.0,0.0,0.0,0.0
267,4.01,0.0,0.0,0.0,15223.0,0.0,0.0,0.0,0.0,0.0,0.0,15223.0,15223.0,15223.0,0.0,0.0,0.0,0.0,0.0,0.0,0.0
268,4.13,17329.0,0.0,0.0,0.0,0.0,0.0,0.0,0.0,0.0,17329.0,0.0,0.0,17329.0,0.0,0.0,0.0,0.0,0.0,0.0,0.0
269,4.5,18531.0,0.0,0.0,0.0,0.0,0.0,0.0,0.0,0.0,0.0,0.0,18531.0,18531.0,0.0,0.0,0.0,0.0,0.0,0.0,0.0
